DGDI,Driving_Scenes,,straightaway1,
DGDI,Driving_Scenes,,straightaway2,
DGDI,Driving_Scenes,,straightaway3,
DGDI,Driving_Scenes,,straightaway4,
DGDI,Driving_Scenes,,straightaway5,
DGDI,Driving_Scenes,,straightaway6,
DGDI,Driving_Scenes,,straightaway7,
DGDI,Driving_Scenes,,straightaway8,
DGDI,Driving_Scenes,,straightaway9,
DGDI,Driving_Scenes,,straightaway10,
DGDI,Driving_Scenes,,straightaway11,
DGDI,Driving_Scenes,,straightaway12,
DGDI,Driving_Scenes,,straightaway13,
DGDI,Driving_Scenes,,straightaway14,
DGDI,Driving_Scenes,,straightaway15,
DGDI,Driving_Scenes,,straightaway16,
DGDI,Driving_Scenes,,straightaway17,
DGDI,Driving_Scenes,,straightaway18,
DGDI,Driving_Scenes,,straightaway19,
DGDI,Driving_Scenes,,straightaway20,
DGDI,Driving_Scenes,,straightaway21,
DGDI,Driving_Scenes,,straightaway22,
DGDI,Driving_Scenes,,straightaway23,
DGDI,Driving_Scenes,,straightaway24,
DGDI,Driving_Scenes,,straightaway25,
DGDI,Driving_Scenes,,straightaway26,
DGDI,Driving_Scenes,,straightaway27,
DGDI,Driving_Scenes,,straightaway28,
DGDI,Driving_Scenes,,straightaway29,
DGDI,Driving_Scenes,,straightaway30,
DGDI,Driving_Scenes,,straightaway31,
DGDI,Driving_Scenes,,straightaway32,
DGDI,Driving_Scenes,,straightaway33,
DGDI,Driving_Scenes,,straightaway34,
DGDI,Driving_Scenes,,straightaway35,
DGDI,Driving_Scenes,,straightaway36,
DGDI,Driving_Scenes,,straightaway37,
DGDI,Driving_Scenes,,straightaway38,
DGDI,Driving_Scenes,,straightaway39,
DGDI,Driving_Scenes,,straightaway40,
DGDI,Driving_Scenes,,Crossroads1,
DGDI,Driving_Scenes,,Crossroads2,
DGDI,Driving_Scenes,,Crossroads3,
DGDI,Driving_Scenes,,Crossroads4,
DGDI,Driving_Scenes,,Crossroads5,
DGDI,Driving_Scenes,,Crossroads6,
DGDI,Driving_Scenes,,Crossroads7,
DGDI,Driving_Scenes,,Crossroads8,
DGDI,Driving_Scenes,,Crossroads9,
DGDI,Driving_Scenes,,Crossroads10,
DGDI,Driving_Scenes,,Crossroads11,
DGDI,Driving_Scenes,,Crossroads12,
DGDI,Driving_Scenes,,Crossroads13,
DGDI,Driving_Scenes,,Crossroads14,
DGDI,Driving_Scenes,,Crossroads15,
DGDI,Driving_Scenes,,Crossroads16,
DGDI,Driving_Scenes,,Crossroads17,
DGDI,Driving_Scenes,,Crossroads18,
DGDI,Driving_Scenes,,Crossroads19,
DGDI,Driving_Scenes,,Crossroads20,
DGDI,Driving_Scenes,,Crossroads21,
DGDI,Driving_Scenes,,Crossroads22,
DGDI,Driving_Scenes,,Crossroads23,
DGDI,Driving_Scenes,,Crossroads24,
DGDI,Driving_Scenes,,Crossroads25,
DGDI,Driving_Scenes,,Crossroads26,
DGDI,Driving_Scenes,,Crossroads27,
DGDI,Driving_Scenes,,Crossroads28,
DGDI,Driving_Scenes,,Crossroads29,
DGDI,Driving_Scenes,,Crossroads30,
DGDI,Driving_Scenes,,Crossroads31,
DGDI,Driving_Scenes,,Crossroads32,
DGDI,Driving_Scenes,,Crossroads33,
DGDI,Driving_Scenes,,Crossroads34,
DGDI,Driving_Scenes,,Crossroads35,
DGDI,Driving_Scenes,,Crossroads36,
DGDI,Driving_Scenes,,Crossroads37,
DGDI,Driving_Scenes,,Crossroads38,
DGDI,Driving_Scenes,,Crossroads39,
DGDI,Driving_Scenes,,Crossroads40,
DGDI,Driving_Scenes,,Crossroads41,
DGDI,Driving_Scenes,,Crossroads42,
DGDI,Driving_Scenes,,Crossroads43,
DGDI,Driving_Scenes,,Crossroads44,
DGDI,Driving_Scenes,,Crossroads45,
DGDI,Driving_Scenes,,Crossroads46,
DGDI,Driving_Scenes,,Crossroads47,
DGDI,Driving_Scenes,,Crossroads48,
DGDI,Driving_Scenes,,Crossroads49,
DGDI,Driving_Scenes,,Crossroads50,
DGDI,Driving_Scenes,,Crossroads51,
DGDI,Driving_Scenes,,Crossroads52,
DGDI,Driving_Scenes,,Crossroads53,
DGDI,Driving_Scenes,,Crossroads54,
DGDI,Driving_Scenes,,Crossroads55,
DGDI,Driving_Scenes,,Crossroads56,
DGDI,Driving_Scenes,,Crossroads57,
DGDI,Driving_Scenes,,Crossroads58,
DGDI,Driving_Scenes,,Crossroads59,
DGDI,Driving_Scenes,,Crossroads60,
DGDI,Driving_Scenes,,Crossroads61,
DGDI,Driving_Scenes,,Crossroads62,
DGDI,Driving_Scenes,,Crossroads63,
DGDI,Driving_Scenes,,Crossroads64,
DGDI,Driving_Scenes,,Crossroads65,
DGDI,Driving_Scenes,,Crossroads66,
DGDI,Driving_Scenes,,Crossroads67,
DGDI,Driving_Scenes,,Crossroads68,
DGDI,Driving_Scenes,,Crossroads69,
DGDI,Driving_Scenes,,Crossroads70,
DGDI,Driving_Scenes,,Crossroads71,
DGDI,Driving_Scenes,,Crossroads72,
DGDI,Driving_Scenes,,Crossroads73,
DGDI,Driving_Scenes,,Crossroads74,
DGDI,Driving_Scenes,,Crossroads75,
DGDI,Driving_Scenes,,Crossroads76,
DGDI,Driving_Scenes,,Crossroads77,
DGDI,Driving_Scenes,,Crossroads78,
DGDI,Driving_Scenes,,Crossroads79,
DGDI,Driving_Scenes,,Crossroads80,
DGDI,Driving_Scenes,,Crossroads81,
DGDI,Driving_Scenes,,Crossroads82,
DGDI,Driving_Scenes,,Crossroads83,
DGDI,Driving_Scenes,,Crossroads84,
DGDI,Driving_Scenes,,Crossroads85,
DGDI,Driving_Scenes,,Crossroads86,
DGDI,Driving_Scenes,,Crossroads87,
DGDI,Driving_Scenes,,Crossroads88,
DGDI,Driving_Scenes,,Crossroads89,
DGDI,Driving_Scenes,,Crossroads90,
DGDI,Driving_Scenes,,Trident1,
DGDI,Driving_Scenes,,Trident2,
DGDI,Driving_Scenes,,Trident3,
DGDI,Driving_Scenes,,Trident4,
DGDI,Driving_Scenes,,Trident5,
DGDI,Driving_Scenes,,Trident6,
DGDI,Driving_Scenes,,Trident7,
DGDI,Driving_Scenes,,Trident8,
DGDI,Driving_Scenes,,Trident9,
DGDI,Driving_Scenes,,Trident10,
DGDI,Driving_Scenes,,Trident11,
DGDI,Driving_Scenes,,Trident12,
DGDI,Driving_Scenes,,Trident13,
DGDI,Driving_Scenes,,Trident14,
DGDI,Driving_Scenes,,Trident15,
DGDI,Driving_Scenes,,Trident16,
DGDI,Driving_Scenes,,Trident17,
DGDI,Driving_Scenes,,Trident18,
DGDI,Driving_Scenes,,Trident19,
DGDI,Driving_Scenes,,Trident20,
DGDI,Driving_Scenes,,Trident21,
DGDI,Driving_Scenes,,Trident22,
DGDI,Driving_Scenes,,Trident23,
DGDI,Driving_Scenes,,Trident24,
DGDI,Driving_Scenes,,Trident25,
