dsname,
straightaway1
straightaway2
straightaway3
straightaway4
straightaway5
straightaway6
straightaway7
straightaway8
straightaway9
straightaway10
straightaway11
straightaway12
straightaway13
straightaway14
straightaway15
straightaway16
straightaway17
straightaway18
straightaway19
straightaway20
straightaway21
straightaway22
straightaway23
straightaway24
straightaway25
straightaway26
straightaway27
straightaway28
straightaway29
straightaway30
straightaway31
straightaway32
straightaway33
straightaway34
straightaway35
straightaway36
straightaway37
straightaway38
straightaway39
straightaway40
Crossroads1
Crossroads2
Crossroads3
Crossroads4
Crossroads5
Crossroads6
Crossroads7
Crossroads8
Crossroads9
Crossroads10
Crossroads11
Crossroads12
Crossroads13
Crossroads14
Crossroads15
Crossroads16
Crossroads17
Crossroads18
Crossroads19
Crossroads20
Crossroads21
Crossroads22
Crossroads23
Crossroads24
Crossroads25
Crossroads26
Crossroads27
Crossroads28
Crossroads29
Crossroads30
Crossroads31
Crossroads32
Crossroads33
Crossroads34
Crossroads35
Crossroads36
Crossroads37
Crossroads38
Crossroads39
Crossroads40
Crossroads41
Crossroads42
Crossroads43
Crossroads44
Crossroads45
Crossroads46
Crossroads47
Crossroads48
Crossroads49
Crossroads50
Crossroads51
Crossroads52
Crossroads53
Crossroads54
Crossroads55
Crossroads56
Crossroads57
Crossroads58
Crossroads59
Crossroads60
Crossroads61
Crossroads62
Crossroads63
Crossroads64
Crossroads65
Crossroads66
Crossroads67
Crossroads68
Crossroads69
Crossroads70
Crossroads71
Crossroads72
Crossroads73
Crossroads74
Crossroads75
Crossroads76
Crossroads77
Crossroads78
Crossroads79
Crossroads80
Crossroads81
Crossroads82
Crossroads83
Crossroads84
Crossroads85
Crossroads86
Crossroads87
Crossroads88
Crossroads89
Crossroads90
Trident1
Trident2
Trident3
Trident4
Trident5
Trident6
Trident7
Trident8
Trident9
Trident10
Trident11
Trident12
Trident13
Trident14
Trident15
Trident16
Trident17
Trident18
Trident19
Trident20
Trident21
Trident22
Trident23
Trident24
Trident25

